Nome,Tipo,Coordinate,Distance_from_POI
McDonald's,fast_food,"(45.8374315, 9.0630129)",3.272256903275227
Eni,fuel,"(45.7903322, 9.0839899)",2.384190903923268
Eni,fuel,"(45.8123877, 9.0724047)",0.8792013493802519
Q8,fuel,"(45.8321006, 9.0716282)",2.4449783489289985
Q8,fuel,"(45.7850904, 9.0722385)",3.0972357196353646
Eni,fuel,"(45.784038, 9.059944)",3.5937649875225026
IP,fuel,"(45.785449, 9.060304)",3.4452753479985887
Eni,fuel,"(45.7648199, 9.0985044)",5.345402050611188
Farmacia Dr. Bonduri,pharmacy,"(45.8084729, 9.0896917)",0.5944583911718395
Eni,fuel,"(45.8021203, 9.0911955)",1.222360862776893
Momigi,restaurant,"(45.8085117, 9.0886429)",0.5298368363794348
Tokyo,restaurant,"(45.8082009, 9.0884431)",0.5434152213250636
Crotto del Lupo,restaurant,"(45.8263158, 9.0566558)",2.6497984253763147
Villa Aprica,hospital,"(45.8234998, 9.06106)",2.188063450801441
Fontana di Camerlata,fountain,"(45.790387, 9.0844808)",2.3787891389492755
Bani,pharmacy,"(45.8077281, 9.0844989)",0.45500244188988725
Cafè Maya,cafe,"(45.8059704, 9.0855155)",0.6614431950677427
Bar Caffè Mondo,bar,"(45.8006539, 9.0864665)",1.2556234141083495
Farmacia Santa Teresa,pharmacy,"(45.8120802, 9.0700556)",1.0597246406063896
Veterinario,veterinary,"(45.8081305, 9.0775815)",0.6242075286273598
Da Filippo,restaurant,"(45.7999701, 9.0896387)",1.3920783227157347
Caffetteria Olybar,cafe,"(45.8104027, 9.0929235)",0.734395809661957
Farmacia di Albate,pharmacy,"(45.7789329, 9.0979525)",3.8159047402859305
Credito Valtellinese,bank,"(45.8035449, 9.085285)",0.9239434538993813
Re. Mi. Garden Bar,bar,"(45.7872063, 9.0520811)",3.673843062173096
Caffè Maya,cafe,"(45.809675, 9.083619)",0.2342225742642581
Drago Verde,drinking_water,"(45.8128473, 9.0813452)",0.21689899051348818
Moschea,place_of_worship,"(45.7957064, 9.0942999)",1.9681445227854026
Carrefour Metano,fuel,"(45.7864641, 9.0538212)",3.648046642851626
CineTeatro Cristallo,theatre,"(45.7928936, 9.064733)",2.564681414776892
Capriccio,restaurant,"(45.8096348, 9.0871726)",0.36126274421162335
Il Gelatone,ice_cream,"(45.8033172, 9.0864428)",0.9649682704763891
Como 2,post_office,"(45.8031771, 9.0860461)",0.9738728637401285
Ton-Thai,restaurant,"(45.8033887, 9.0864125)",0.9566966166134127
Granpizza,food_court,"(45.8033493, 9.0864284)",0.9612409150136966
La Gitana,restaurant,"(45.8035136, 9.0863946)",0.9428529116404706
Carige,bank,"(45.801824, 9.086155)",1.1233433205049044
Castello d'Oro,restaurant,"(45.8020135, 9.086623)",1.1095150320071445
Santa Chiara,cafe,"(45.802027, 9.0861515)",1.101072157028045
Don Lisander,restaurant,"(45.8127247, 9.0778196)",0.4676373514568573
Credito Bergamasco,bank,"(45.8127829, 9.0782859)",0.43400531680778154
Gelateria Lariana,ice_cream,"(45.8128554, 9.0797402)",0.32887534496723075
13:13,restaurant,"(45.8117663, 9.0849337)",0.09721516162464539
La Nuova Vignascia,cafe,"(45.8223369, 9.061948)",2.0566439381493673
Bar di Prestino,bar,"(45.801143, 9.0586316)",2.278234941408139
Farmacia di Prestino,pharmacy,"(45.8011219, 9.0583236)",2.2999404154326997
Pub Il Ritrovo,pub,"(45.8009542, 9.0585507)",2.2945515919555075
Poste Italiane,post_office,"(45.7789178, 9.079548)",3.6668705729040156
La Griglia,restaurant,"(45.8125285, 9.0852965)",0.15037284250792257
Cittadella,cafe,"(45.801726, 9.0930275)",1.3329704189354403
Cafè Thai,restaurant,"(45.8008683, 9.095322)",1.5132497956527031
Baby café,cafe,"(45.8017456, 9.0927485)",1.3194353527903044
Il Dadino,cafe,"(45.8036678, 9.0937034)",1.1916399685705545
Don Segundo Sombra,restaurant,"(45.8008873, 9.058293)",2.315511772636927
Cactus Juice Cafe - Como,restaurant,"(45.805696, 9.0871584)",0.728369514311272
Brigitte Café,bar,"(45.7978245, 9.0914362)",1.6642812074652642
Civico XV,pub,"(45.7989233, 9.093934)",1.63632419276325
Como 7,post_office,"(45.7944276, 9.0965658)",2.173363711969254
Crotto del Tiglio,restaurant,"(45.8233266, 9.0655512)",1.9058586416071097
Como Centro,post_office,"(45.8101883, 9.07601)",0.6221520134181295
L'Ultimo Café,bar,"(45.8052425, 9.0864084)",0.7570713519311042
Cioccolati Italiani,cafe,"(45.8059014, 9.0847182)",0.6585290679748248
Birreria 35,pub,"(45.8080492, 9.0835757)",0.4149572952789723
Mad Café,bar,"(45.8125727, 9.0876786)",0.322747616436243
Gelateria Chiara,ice_cream,"(45.8144859, 9.0840865)",0.3021813282838731
Arte Dolce - Cremeria Bolla,cafe,"(45.8076448, 9.0843786)",0.4629878328498174
Questura di Como,police,"(45.8036788, 9.0828968)",0.9027041640266896
Como San Giovanni FS,bus_station,"(45.8089888, 9.0730457)",0.8831800303374987
Como Sant'Agostino,bus_station,"(45.8151524, 9.0839877)",0.37537772356662963
Burgez,fast_food,"(45.8073783, 9.084557)",0.4941327556444307
Como,ferry_terminal,"(45.8134817, 9.0797573)",0.35889225088764753
Tavernola,ferry_terminal,"(45.8308936, 9.0725444)",2.293829064329164
Pronto Soccorso Veterinario,veterinary,"(45.7986858, 9.0866073)",1.4732330320300469
Cardamomo,restaurant,"(45.804709, 9.0916882)",1.0025844767084657
Como 5,post_office,"(45.8072852, 9.0960385)",1.0826314616103911
Pinzimonio,restaurant,"(45.8095329, 9.0831466)",0.2534187006100957
Abbeveratoio del Genio Militare,fountain,"(45.8208667, 9.0405792)",3.4988788402531763
Nostrale,bar,"(45.7842608, 9.0706095)",3.2233357416391444
Hotel Ristorante Falchetto,restaurant,"(45.8234935, 9.0877193)",1.3389861279754751
Panino Buono,cafe,"(45.8112348, 9.0789355)",0.37399077279994486
Sakura Sushi,restaurant,"(45.8074369, 9.0766955)",0.7267882418707301
Farmacia Tioli,pharmacy,"(45.8085708, 9.0790123)",0.5091024392085738
Caffè Varese,bar,"(45.8083667, 9.079268)",0.5117192542902737
Funicolare,bicycle_rental,"(45.8175504, 9.082719)",0.6455270318578878
Municipio,bicycle_rental,"(45.8096815, 9.085081)",0.25749276201990545
Vittoria,bicycle_rental,"(45.8058578, 9.0851748)",0.6685725187872346
Villa Olmo,bicycle_rental,"(45.818257, 9.0666928)",1.5038974848310978
RFI San Giovanni,bicycle_rental,"(45.8086244, 9.073454)",0.8690945568185848
Esselunga,parking_entrance,"(45.7903094, 9.0826088)",2.388066764759582
Credito Valtellinese,bank,"(45.8153265, 9.0850048)",0.40715277929790045
Bilen,restaurant,"(45.8009065, 9.0866027)",1.229886498387688
Tavola calda F.lli Maiorca,cafe,"(45.8005385, 9.0908897)",1.3694831676122763
IP,fuel,"(45.8364829, 9.0658114)",3.076740747003749
Arnold' s,pub,"(45.8158247, 9.0661476)",1.4350767406089655
Sunrise,bar,"(45.8156042, 9.066092)",1.4317212033541082
Ristorante Raimondi,restaurant,"(45.8286141, 9.07019)",2.144696576884793
Biblioteca di Giurisprudenza e Scienze Umane,library,"(45.8108247, 9.0758635)",0.6170315233235683
La Pizzaccia,restaurant,"(45.8031188, 9.0834357)",0.9630670697329943
La Lucernetta,theatre,"(45.8086039, 9.0858986)",0.39296017558807456
Farmacia Arienti,pharmacy,"(45.802303, 9.0865271)",1.0764924606508022
Babylandia,kindergarten,"(45.7995569, 9.0941044)",1.5819285635780675
Università della terza Età,community_centre,"(45.7996641, 9.0945868)",1.5913578735977563
Caffé Maya,cafe,"(45.802605, 9.0819383)",1.0289606338810997
La Pesa Trattoria Bar,bar,"(45.8026723, 9.0820241)",1.0206820554534006
Just Art Café,bar,"(45.8131649, 9.0834618)",0.1546843429087024
Kazan Sushi,restaurant,"(45.8144287, 9.0845561)",0.30191564246404073
Orologio,restaurant,"(45.8146809, 9.084579)",0.3296616516261279
Jean Caffé,cafe,"(45.811335, 9.0860204)",0.1883313219336312
Ristoran e pizzrris griglieria lerill,restaurant,"(45.8174347, 9.0830326)",0.6303342705475018
La Darsena Ristorante Pizzeria,restaurant,"(45.816829, 9.0829897)",0.5635640209888718
Panino Buono Vista Lago,bar,"(45.8164008, 9.0829376)",0.5166472722065384
L'antica Riva,restaurant,"(45.8164028, 9.0830541)",0.5159315174686433
Fontana D'oro,restaurant,"(45.8164926, 9.083333)",0.5242976058993808
Centro - Lago,parking,"(45.8122045, 9.0768909)",0.5300152050334643
Caffé Alessandro Volta,cafe,"(45.8120029, 9.0800321)",0.28484085680397647
Farmacia Internazionale,pharmacy,"(45.8122078, 9.0804791)",0.25349595217204496
Farmacia Trimarco,pharmacy,"(45.8122622, 9.0813703)",0.1875278371591745
Il Cappuccino Bar Tabacchi,bar,"(45.8124695, 9.0837193)",0.07648417998133926
da Pietro Cafeteria Gelateria,cafe,"(45.8114674, 9.0827966)",0.07726356038764605
Caffé Maya,cafe,"(45.8115497, 9.0816379)",0.16104851444300985
Funicolare Ristorante Pizzeria,restaurant,"(45.8170235, 9.0828609)",0.5860937244055969
Asilo Nido Magnolia,kindergarten,"(45.812081, 9.0711107)",0.9777631949239837
I.C. Como Borgovico - Scuola dell'Infanzia Raschi,kindergarten,"(45.8121379, 9.0714593)",0.9509259897778302
Ristorante Pizzeria Alle Caverne,restaurant,"(45.8080642, 9.0888208)",0.5746404736568738
CheBanca!,bank,"(45.8022831, 9.086147)",1.0729917013570676
Gruppo Ponte Chiasso,police,"(45.830069, 9.0407701)",3.90549507140254
L'asso di cuori,restaurant,"(45.8323407, 9.0359082)",4.3595105117850315
Espansione TV,studio,"(45.8033237, 9.0820968)",0.9481533360154172
Poste Italiane,post_office,"(45.8164672, 9.08372)",0.520775558158012
Luisita,ice_cream,"(45.8076543, 9.0926327)",0.8332904123340019
Comando Provinciale Como,police,"(45.8123553, 9.0858453)",0.17973513226801563
Credito Valtellinese,bank,"(45.8329618, 9.06825)",2.642006272586972
Nuova Farmacia Sagnino,pharmacy,"(45.8322225, 9.0445329)",3.7971035720357946
Trattoria Pizzeria Ristorante In Borgovico,restaurant,"(45.8112679, 9.0710413)",0.9842578876274994
Poste Italiane,post_office,"(45.8303569, 9.0382523)",4.089897972794993
Farmacia Marelli,pharmacy,"(45.7986211, 9.0908947)",1.566522262648692
Lanzetti,pharmacy,"(45.8050457, 9.0935981)",1.0744878733918108
San Martino,pharmacy,"(45.8059995, 9.0976951)",1.264628601504528
Farmacia Cetti,pharmacy,"(45.8050347, 9.085833)",0.7683205659158403
Sala del Regno,place_of_worship,"(45.7965421, 9.0916186)",1.8026884380440742
Sala del Regno,place_of_worship,"(45.8073208, 9.0921744)",0.8255108834384273
Locanda Barbarossa,restaurant,"(45.8089565, 9.084292)",0.31757495489742565
Credito Valtellinese,atm,"(45.832121, 9.0452753)",3.744216079586669
Mystic Burger,restaurant,"(45.8077039, 9.0829708)",0.4566219685972196
Como 9,post_office,"(45.8379179, 9.0423218)",4.332338766052434
Caffè Ristorante Fontana,restaurant,"(45.8121629, 9.0803022)",0.2661764944153208
Hayashi Sushi Bar,restaurant,"(45.8305997, 9.0377178)",4.1393714130557475
Baita Monte Goj,restaurant,"(45.7869146, 9.0990043)",3.0096580598933858
Baita Pianvalle,restaurant,"(45.8003973, 9.068036)",1.7551481832708478
Parcheggio Villa Eros,parking,"(45.8190016, 9.0546399)",2.3956519056178003
Parcheggio della Parrocchia,parking,"(45.8246399, 9.0495183)",3.015362888343167
Quarto Ponte,parking,"(45.805813, 9.079398)",0.7423424791599172
Parcheggio via IV Novembre,parking,"(45.7806681, 9.1001936)",3.6887586725719865
A.S.L. Como - Servizio Veterinario,veterinary,"(45.7790388, 9.0707571)",3.77551174256292
Gama parkegio camions,parking,"(45.7862499, 9.0595955)",3.399997350578781
Orsenigo,pharmacy,"(45.8088603, 9.0838139)",0.3248804418229988
Como 4,post_office,"(45.8096027, 9.0852143)",0.26986538654889036
UBI Banca Popolare di Bergamo,bank,"(45.8080826, 9.0852811)",0.42951178130755735
Chiesa di Sant'Eusebio,place_of_worship,"(45.8100718, 9.0790586)",0.4066080808109298
Banca Intesa Sanpaolo,bank,"(45.8056874, 9.0853347)",0.6894387507717996
Cavour,bicycle_rental,"(45.8126292, 9.0808156)",0.24196261259820923
Le Colonne,restaurant,"(45.8107149, 9.0803649)",0.2838715917394707
La vita è bella,restaurant,"(45.8159051, 9.0833331)",0.45909840155020665
Bar Pasticceria Monti,cafe,"(45.8135316, 9.0813189)",0.26756497123465045
Ristorante pizzeria al LungoLago,restaurant,"(45.81542, 9.0833493)",0.4052054308011023
Monti Gelateria,restaurant,"(45.8136087, 9.0812945)",0.27513309314318984
Bar Dante,bar,"(45.8086093, 9.0895275)",0.5750653533682238
Centro Lago,parking,"(45.8116362, 9.0759623)",0.6003260843854988
Bar La Ligera,bar,"(45.8119666, 9.0724194)",0.8757202149996299
Banca Popolare di Bergamo,bank,"(45.8103556, 9.0764973)",0.580591290618153
Chiesa del Gesù,place_of_worship,"(45.8100444, 9.0820082)",0.23289710582459175
Bar Calipso,bar,"(45.8018193, 9.0903207)",1.2216159888871334
Galleria della Fortuna,gambling,"(45.8104427, 9.0873614)",0.3223215449437349
Mama Ida,bar,"(45.8022117, 9.0875493)",1.1053352015975624
Ristorante Cinese Pechino,restaurant,"(45.8022268, 9.0874191)",1.101007545589801
UniCredit Bank,bank,"(45.8019783, 9.0878238)",1.1361812940199618
UniCredit Bank,atm,"(45.8021107, 9.0877551)",1.120555695343952
Il Cortiletto,bar,"(45.8098102, 9.0830473)",0.22464627728354175
Grom,ice_cream,"(45.8101639, 9.082988)",0.18777122328765988
Il Solito Posto,restaurant,"(45.8096741, 9.0818616)",0.2737299599746847
McCafé,cafe,"(45.8125881, 9.0818802)",0.1663380602825084
Pan Pero Rosso,bar,"(45.8125819, 9.0711448)",0.9785915691246418
Il Baretto,cafe,"(45.8125754, 9.0707381)",1.0100123283363174
Cafeteria,cafe,"(45.8126747, 9.0750975)",0.6746576152792546
Pizza Casalin,restaurant,"(45.8127597, 9.06954)",1.1046341344093145
Chiesa Evangelica Valdese,place_of_worship,"(45.8106147, 9.0837069)",0.12973722546076147
Al Baci Lounge,bar,"(45.8139088, 9.0847466)",0.2504404775784085
Gelateria,restaurant,"(45.8136478, 9.0848274)",0.22566234923099365
Bar Duomo,cafe,"(45.8124405, 9.0853669)",0.14995494962796518
Bar Diaz,cafe,"(45.8078041, 9.083035)",0.44497664168915213
Caffè Mazzini,cafe,"(45.8107472, 9.080398)",0.2800428222460098
Al N°5,restaurant,"(45.8025316, 9.0906456)",1.1618848368849353
Tigella Bella,fast_food,"(45.8085419, 9.0830656)",0.36329584700055984
La Bottega del Gelato,ice_cream,"(45.8045401, 9.0887768)",0.8970107147670173
Via XX,cafe,"(45.8042876, 9.0876707)",0.888765635992342
In Centro,restaurant,"(45.8073878, 9.0849176)",0.4977227572970928
Autoscuola Geno,driving_school,"(45.8020433, 9.0854439)",1.0910329392055573
BPM,bank,"(45.8085143, 9.0763774)",0.674064793249661
Caffè Chicco d'oro shop,cafe,"(45.8078376, 9.0775447)",0.6479518392833988
El Sombrero,restaurant,"(45.8075898, 9.0770948)",0.6923463245464276
Market Place,restaurant,"(45.8077349, 9.0773934)",0.6643352979361089
Village Sushi,restaurant,"(45.8080787, 9.0767039)",0.6809541582141048
Il Pomodorino,restaurant,"(45.8099256, 9.0802115)",0.33967628373261805
Le Soste al mare,restaurant,"(45.8094086, 9.0813989)",0.3179667101782531
La Colombetta,restaurant,"(45.8097603, 9.0808514)",0.314531954156025
Numeronove,restaurant,"(45.8110155, 9.080221)",0.2822575519377721
Vintage Jazz,restaurant,"(45.8110618, 9.0800418)",0.2941247878247742
Peach Pit,fast_food,"(45.8096227, 9.081172)",0.3093354807553106
Osteria Casa 28,restaurant,"(45.8104885, 9.0813757)",0.22984917807416982
Trattoria del Gesümìn,restaurant,"(45.8103884, 9.0811778)",0.2488118802691619
Area Camper STOP Parcheggio Ippocastano,water_point,"(45.8029224, 9.0916415)",1.1628966481727958
Area Camper STOP Tavernola,water_point,"(45.8352603, 9.0614613)",3.129201097157144
Bistrot Muralto,restaurant,"(45.8115062, 9.0802514)",0.26848869899054745
Scuola Guida Annie Bonnie,driving_school,"(45.8079543, 9.0779935)",0.6136487143495846
Le Catene,restaurant,"(45.8082931, 9.0782215)",0.5749615345997818
La Forchetta d'Oro,restaurant,"(45.8081062, 9.0778699)",0.6091584301473167
Vago Carlo,bar,"(45.8080462, 9.0776564)",0.625971241615903
Banca Credem,bank,"(45.8080574, 9.0794807)",0.5273173402908112
Banca Fideuram,bank,"(45.8092073, 9.0783338)",0.504742925211213
Piadineria,fast_food,"(45.8084621, 9.0788421)",0.5270069804210462
BNL,bank,"(45.8319404, 9.0366904)",4.284438376645297
Carige,bank,"(45.8316745, 9.036424)",4.286787361136964
Granpizza,fast_food,"(45.8314952, 9.035616)",4.330590663981063
Intesa Sanpaolo,bank,"(45.8316559, 9.0352806)",4.362105908394648
UniCredit Bank,bank,"(45.8314695, 9.0356718)",4.325405814219445
Ristorante Rino,restaurant,"(45.8114718, 9.0808083)",0.22609120299984478
Osteria del Gallo,restaurant,"(45.8111299, 9.0808338)",0.2330210742631648
Com'è,restaurant,"(45.8092296, 9.0805527)",0.37373326948286517
I Gradoni,restaurant,"(45.8059057, 9.0979103)",1.284334093200501
Bar Tabacchi,bar,"(45.8094684, 9.0811277)",0.32491556410268474
Comobar Internet Cafè,bar,"(45.8097036, 9.0798529)",0.3768157209477762
Geca,pub,"(45.8001158, 9.0929275)",1.4824591277940755
Deutsche Bank,bank,"(45.811971, 9.0699349)",1.068794938092192
Antichi Sapori,restaurant,"(45.8053184, 9.0993422)",1.413370064483732
UBI Banca,bank,"(45.8011981, 9.0904579)",1.2888533380652267
Il Birrivico,pub,"(45.8109307, 9.0724964)",0.8746337416335664
IP,fuel,"(45.8041807, 9.0813549)",0.864013758455228
IP,fuel,"(45.7980643, 9.1126725)",2.720814553426809
IP,fuel,"(45.7944957, 9.1051131)",2.542969742019496
Esso,fuel,"(45.7850734, 9.0862339)",2.975188602995207
Q8,fuel,"(45.7971041, 9.0922484)",1.762035383852359
BNL,bank,"(45.8006252, 9.0915135)",1.3813653195723492
Papo's,restaurant,"(45.7870885, 9.0521187)",3.681640975383314
Bar Quarcino,cafe,"(45.8380183, 9.0426279)",4.322240648625905
Pizza Garage Express,restaurant,"(45.8070309, 9.0792257)",0.6315733501806712
Cinelandia,cinema,"(45.7905606, 9.0819709)",2.3624386287351493
Pepe Nero,restaurant,"(45.8112558, 9.0818581)",0.15343026789614908
Chiesa di Gesù Cristo dei Santi degli Ultimi Giorni,place_of_worship,"(45.8229334, 9.0513276)",2.8034816226027783
"Tira, Mola e Meseda",restaurant,"(45.7960804, 9.0919557)",1.85988861774096
Il Carrettiere,restaurant,"(45.8160125, 9.0841493)",0.4716225027505203
El Merendero,restaurant,"(45.8154976, 9.0839652)",0.4135802454958671
Osteria La Tana Dei Pescatori,restaurant,"(45.8099992, 9.0795974)",0.37431222202020875
Gelateria Lariana,ice_cream,"(45.8079841, 9.0840341)",0.4229894783369642
Napule è,restaurant,"(45.815672, 9.0834917)",0.4326389707186485
Pizzeria da Yuri,restaurant,"(45.7969903, 9.0588817)",2.5337535258330814
Quaranta4,bar,"(45.7968734, 9.058832)",2.545136185955718
Parcheggio Serre del Grumello,parking,"(45.8217761, 9.0645137)",1.8583692840267356
Parcheggio Crotto del Tiglio,parking,"(45.8234011, 9.0656734)",1.9044521571927566
C'era una volta,restaurant,"(45.801535, 9.0927919)",1.3410622610049154
Pane e Tulipani,restaurant,"(45.809825, 9.0821034)",0.249764323955093
Polizia Locale Como,police,"(45.8082385, 9.0760012)",0.7152871913742981
Natta cafe,cafe,"(45.808655, 9.0831134)",0.3503501950930445
15 - Caserme,bicycle_rental,"(45.7970614, 9.0925518)",1.7754548847196756
Da Benito,restaurant,"(45.8052089, 9.0986824)",1.37587556732714
Clinica Veterinaria San Martino,veterinary,"(45.804205, 9.0955163)",1.2470940777571626
BCC - Cassa​ Rurale ed Artigiana di Cantù,bank,"(45.8125425, 9.0828596)",0.10604431532604938
Blanco cafè - Piadineria,bar,"(45.804779, 9.081979)",0.7895392433303156
UBI Banca,bank,"(45.8056529, 9.084411)",0.6835614065463765
La Parigina,ice_cream,"(45.812529, 9.0700639)",1.06180880628806
Europcar,car_rental,"(45.8084705, 9.0756576)",0.7242896218287082
Riva Cafè,restaurant,"(45.812619, 9.0796643)",0.32592927083608886
Scalo di Como,ferry_terminal,"(45.8149897, 9.0825124)",0.36797512663232196
Frate,restaurant,"(45.8258559, 9.0496941)",3.0699310854349338
Ok Pizza,fast_food,"(45.8379086, 9.042557)",4.3181019407119265
Il Birratrovo,pub,"(45.8078582, 9.0855306)",0.4591362149489969
Osteria L'Angolo del Silenzio,restaurant,"(45.8099308, 9.0869108)",0.32444788258770973
La Cucina di Elsa,restaurant,"(45.8113357, 9.0796423)",0.3179686017498583
Lighthouse,bar,"(45.8107028, 9.078134)",0.4476784753365603
Farmacia Camerlata,pharmacy,"(45.7906828, 9.0852486)",2.348259057717606
Paradise,restaurant,"(45.8049199, 9.0850365)",0.7699078552593881
Bar Gelateria Tolini,bar,"(45.8123873, 9.0821507)",0.13680606795235506
La Cornucopia,restaurant,"(45.8082178, 9.0742155)",0.8357469269712119
Mitico,cafe,"(45.8337635, 9.0443919)",3.910516429400614
Beija Flor,restaurant,"(45.8102836, 9.0866811)",0.28640734696189973
BNL,bank,"(45.8131364, 9.0817363)",0.2134584624921527
Bar Touring Caffè,cafe,"(45.8132658, 9.0815767)",0.2324007619248271
Pirellino,bicycle_rental,"(45.8068246, 9.0808426)",0.5935768433709783
Como Nord Lago,bicycle_rental,"(45.8146451, 9.0833196)",0.31949736964835335
Cacciatori delle Alpi,bicycle_rental,"(45.8102631, 9.076928)",0.55152244896093
Chiesa di San Provino,place_of_worship,"(45.8129825, 9.0839)",0.13451145320984392
Bar San Giuliano,bar,"(45.8123342, 9.0892531)",0.43725691835501423
La Nostra Famiglia,social_facility,"(45.8119495, 9.0911966)",0.5842834562377093
Old America,restaurant,"(45.7803266, 9.068091)",3.7003674921006504
V6 Pub & Grill,restaurant,"(45.7804967, 9.0682304)",3.6789557812295484
Antica trattoria della pila,restaurant,"(45.804573, 9.1153371)",2.587653239460176
Megabar,restaurant,"(45.8329132, 9.0392028)",4.179059335942217
Er Più,restaurant,"(45.7955504, 9.0920301)",1.9172223922423381
Ex Sanatorio G. B. Grassi,hospital,"(45.7919754, 9.0847412)",2.2029705579698122
Monte dei Paschi di Siena,bank,"(45.7900825, 9.083976)",2.4119325509719185
Ubi Banca,bank,"(45.7893961, 9.0806849)",2.499010513078027
Pinocchio,cafe,"(45.7871461, 9.0774126)",2.7812537290785895
Bar Carrera,bar,"(45.8257053, 9.0499517)",3.0441820415320406
Bar Aprica,bar,"(45.8216181, 9.0570229)",2.342742168303782
Highlander,cafe,"(45.8256331, 9.0500817)",3.031404276124067
Bar Papilogia,cafe,"(45.8253303, 9.0505484)",2.98309225130307
I Sushi,restaurant,"(45.8096848, 9.0751151)",0.7055781941810155
Bar Italia,cafe,"(45.810016, 9.0753331)",0.6780494133205298
Vittoria,cafe,"(45.8059964, 9.0846493)",0.647407355196894
Como Antica,bar,"(45.8077884, 9.0883038)",0.5709683163327863
Bar River,bar,"(45.8120466, 9.0739565)",0.7565796641894655
Caffè Ambrosiano,cafe,"(45.8125849, 9.0811512)",0.21609182143228842
Caffè 7 Bello,cafe,"(45.8178382, 9.0639944)",1.6717515715846825
ZaZà,restaurant,"(45.8145856, 9.0843484)",0.3158925104741512
Borgo Sant’Agostino,restaurant,"(45.8175162, 9.0829688)",0.6397752631711271
Bar dell'Ospedale,bar,"(45.7909617, 9.089754)",2.3617397100856126
I Tre Santi,ice_cream,"(45.8160684, 9.0829975)",0.47941298093575874
Al Numero 1,fast_food,"(45.8267625, 9.0480169)",3.233475299887635
Cremeria,cafe,"(45.8270614, 9.0481034)",3.2449712666907953
Hosteria La Scogliera,restaurant,"(45.8313642, 9.0359328)",4.30199206532935
La Caveja,fast_food,"(45.8314524, 9.0357271)",4.320737853729182
Piadineria l'Innominato,restaurant,"(45.8079664, 9.0850996)",0.43813502015568423
Caffè Carducci,cafe,"(45.8079881, 9.085414)",0.44260677049671654
Farmacia Leonardi,pharmacy,"(45.8252771, 9.0500897)",3.010969847093647
Granmercato charging station,charging_station,"(45.8325496, 9.0704347)",2.5274869258801025
I Tre Mori,restaurant,"(45.7974977, 9.0953785)",1.8295248273384357
Studio Odontoiatrico Dott. Giovanni Miticocchio,dentist,"(45.8002788, 9.0932825)",1.480354780948211
McDonald's,fast_food,"(45.8125575, 9.0819214)",0.16181195417374653
La Farcia,fast_food,"(45.8114888, 9.0841432)",0.04836762586197838
Sottosopra,cafe,"(45.8127837, 9.0854001)",0.17380684354364714
Bar Argentino,bar,"(45.8120413, 9.0833066)",0.04108858375694526
L'Ancora,restaurant,"(45.831455, 9.0709868)",2.398925084098513
Vecchia Tavernola,restaurant,"(45.8314242, 9.0717494)",2.3720139218516145
L'antico borgo,bar,"(45.8106643, 9.0729685)",0.8420219857634764
"Chiesa Cristiana evangelica ""Emmanuel""",place_of_worship,"(45.8108165, 9.0726768)",0.8621838520209874
Bar Il Caffè,cafe,"(45.8321802, 9.0459649)",3.70565898098079
Intesa Sanpaolo,bank,"(45.8127557, 9.0804377)",0.2744951960298437
UniCredit Bank,bank,"(45.8124212, 9.0809398)",0.22475731495342938
Cervo,restaurant,"(45.8169278, 9.0829451)",0.5748315989088768
Antica Darsena,restaurant,"(45.8143228, 9.0828192)",0.290295561204282
Il vecchio borgo,restaurant,"(45.8146667, 9.08379)",0.3207537533042908
Bar Lario,bar,"(45.8155681, 9.0832147)",0.42240682222662623
Fontana d'oro,restaurant,"(45.8166042, 9.0829527)",0.5389931515225825
India fast food,restaurant,"(45.8062858, 9.087835)",0.6908776107161712
Pizzeria Eco del mare,restaurant,"(45.8055057, 9.0885181)",0.7923727719919608
Il caffè dei viaggiatori,cafe,"(45.8078402, 9.0851143)",0.4520053800794766
Mariett,bar,"(45.8100759, 9.0845521)",0.20128057563315072
Monte dei Paschi di Siena,bank,"(45.8123237, 9.079558)",0.32623533231716206
Il Pacchero 2.0,restaurant,"(45.8013087, 9.0923439)",1.3447208057751543
I Monelli,restaurant,"(45.7965441, 9.0609607)",2.447123400817675
Lago Food & Co,restaurant,"(45.8158384, 9.0830965)",0.45317761101471427
Luca’s Bar,bar,"(45.8147289, 9.0843423)",0.33154180977442765
Hemingway,bar,"(45.8119555, 9.0803266)",0.2616021928226565
Farmacia Sant'Anna,pharmacy,"(45.7912856, 9.0752113)",2.3713942626157185
Ermitage,restaurant,"(45.8047704, 9.0997653)",1.4730903032843081
Cornobobo wine bar,bar,"(45.8148569, 9.0847242)",0.3512336978015914
Lasagne bar,bar,"(45.8158156, 9.0836052)",0.4483847535295888
Dodgy Kebab Shop,fast_food,"(45.8152974, 9.0842255)",0.39301421898238004
Bar Umberto I,bar,"(45.8152158, 9.0836559)",0.38168329967727144
Cassetta postale Como 10,post_box,"(45.8303722, 9.0384452)",4.077825436003794
Piazza Roma,restaurant,"(45.8129596, 9.0836238)",0.13098726149602863
Ristorante Sociale,restaurant,"(45.8126219, 9.0835617)",0.0938473898710311
Il Comacino,restaurant,"(45.8092295, 9.0827978)",0.29191301696013827
Pizza Garage,restaurant,"(45.7897063, 9.0830591)",2.454118252605042
Figli dei Fiori,restaurant,"(45.810963, 9.0720105)",0.91182285781695
Crìanza,restaurant,"(45.8082619, 9.0782998)",0.5728454736143846
Napulè,restaurant,"(45.8074758, 9.0933326)",0.8897300369824903
Arti in Pizza,fast_food,"(45.8043004, 9.0931271)",1.1092092800542792
Caffe & Caffe,cafe,"(45.8107586, 9.0799607)",0.31088174038828476
Il Sorso,bar,"(45.8118834, 9.080062)",0.28168171389202695
Istituto Giovanni Pascoli,school,"(45.8032699, 9.0894691)",1.0475418618772259
Jolly Blue,bar,"(45.8053995, 9.0887883)",0.8128283852511275
Castellini - Scuola d'Arti e Mestieri,school,"(45.8058937, 9.0892392)",0.784103756377435
Pizzium,restaurant,"(45.8070297, 9.0778999)",0.6935817297836555
Polispecialistica Lariana,doctors,"(45.8020446, 9.0924924)",1.2807062246199488
L'Angolo del Gusto,restaurant,"(45.8046131, 9.0928098)",1.0668391879186025
Ai Portici,cafe,"(45.8113235, 9.0837193)",0.05102009039445051
Banca Popolare di Sondrio,bank,"(45.8060958, 9.0791805)",0.7224277776749114
Degusteria,restaurant,"(45.810683, 9.0813089)",0.22129610993200724
Iceberg,ice_cream,"(45.7913513, 9.0662788)",2.6433263393784494
Poste Italiane,post_office,"(45.7923864, 9.0643129)",2.6295963857118627
Rossetti,doctors,"(45.7915365, 9.0730346)",2.3976556612312336
"Cineteatro Nuovo, Rebbio",theatre,"(45.7898483, 9.0755736)",2.51805454935759
La giara,restaurant,"(45.7910846, 9.0789752)",2.3293770553591586
Mediolanum,bank,"(45.7909883, 9.079932)",2.3294728314600452
Joshua Blues Club,arts_centre,"(45.7772788, 9.0985895)",4.0062197900213325
CRAL,restaurant,"(45.8020076, 9.1002958)",1.6875382444521003
Cresta Alta Como,restaurant,"(45.7867328, 9.0594982)",3.3595525688295327
Mignon,cafe,"(45.8106864, 9.0800052)",0.3107213614400267
Ristorante Caffè Teatro,restaurant,"(45.8118301, 9.0848838)",0.09347534553536237
Intesa Sanpaolo,bank,"(45.8119636, 9.078492)",0.40398957559116305
Da Chicco,restaurant,"(45.8293674, 9.0431216)",3.708994112465075
Pizzeria dea Quinto,cafe,"(45.8058768, 9.0855363)",0.6719510456707254
Newater,car_wash,"(45.8269306, 9.047095)",3.3045749759492935
La Cava dei Sapori,restaurant,"(45.7861479, 9.0692413)",3.0623864911693786
Al Cucchi,ice_cream,"(45.8116862, 9.0815296)",0.1677229736526228
Al Cucchi,restaurant,"(45.8116585, 9.0813749)",0.17993295098792098
Anvedi Che Pizza,fast_food,"(45.8114613, 9.0816919)",0.1588187396159112
La Quinta,restaurant,"(45.8118084, 9.0817427)",0.15085122926221692
Al Cucchi,cafe,"(45.8116834, 9.0814539)",0.17361471250967975
Alle Terrazze Como,bar,"(45.8219468, 9.0787922)",1.1920430070615902
Como Dental Care,dentist,"(45.8379921, 9.0422937)",4.339489633649045
Caffè Mazzini,cafe,"(45.8106876, 9.0802701)",0.29183411385023406
Giardino,restaurant,"(45.8268162, 9.0484388)",3.208516536363974
Farmacia Centrale,pharmacy,"(45.8129168, 9.0818337)",0.1912511339093157
Dott. Marco Luigi Molteni,doctors,"(45.8093952, 9.0900006)",0.5581089127602293
Corner,cafe,"(45.8050058, 9.0842906)",0.7546183323162616
Ristorante Imbarcadero,restaurant,"(45.8129186, 9.0798949)",0.320404949586901
La casa di Gino,social_facility,"(45.7937019, 9.1056423)",2.6367232697414686
Di Puglia un po',restaurant,"(45.8154667, 9.0661661)",1.4217463374053116
Stilo,restaurant,"(45.8127973, 9.0795612)",0.33967745824156736
Hosterietta,restaurant,"(45.8120423, 9.0796342)",0.3160347010028652
PreTesto,restaurant,"(45.8125326, 9.0816829)",0.1764481044222917
Intesa Sanpaolo,bank,"(45.8261097, 9.0493864)",3.104899408556761
Bar Lin,cafe,"(45.8142579, 9.0840743)",0.2768831670066852
Manara Caffè,cafe,"(45.8144403, 9.0841657)",0.29785318002108824
Voglia di Pasta,restaurant,"(45.8141438, 9.0847372)",0.2750130589362198
Farmacia Arrighi,pharmacy,"(45.7993294, 9.1075899)",2.317144948862334
Top Gourmet,restaurant,"(45.8127047, 9.0827288)",0.1265847191851269
Little Free Library,public_bookcase,"(45.8247284, 9.0792848)",1.4790243646975765
Roadhouse,restaurant,"(45.7971864, 9.1141283)",2.8692909886778835
Banca Popolare di Sondrio,bank,"(45.7973684, 9.113686)",2.829492506388634
Camerlata,post_office,"(45.7906198, 9.0802404)",2.367283767262918
Lora,post_office,"(45.7949932, 9.1063343)",2.565649456109928
Intesa Sanpaolo,bank,"(45.7901288, 9.0846354)",2.407817263230425
La Ghironda,restaurant,"(45.8228326, 9.0554099)",2.517325415296788
Il Diavolo L’Acqua Santa,restaurant,"(45.8390709, 9.0396739)",4.571095203397605
Pizzeria Lariana,restaurant,"(45.8148029, 9.0846821)",0.3446440647142853
Visini Como,restaurant,"(45.8118483, 9.0819295)",0.13650320920936873
Lughino - come Natura insegna,restaurant,"(45.8096365, 9.0823198)",0.2609352414340718
Bar al Vo’,bar,"(45.8152788, 9.084295)",0.39157810620500344
ge.lab,ice_cream,"(45.8106063, 9.0816055)",0.20772534208209087
Studio Dentistico Dr. Guido Meroni,dentist,"(45.8297537, 9.0441982)",3.661393546278438
Il Baretto,bar,"(45.7965194, 9.1084129)",2.563847508505095
Gelateria Rossetti,ice_cream,"(45.7956044, 9.1072789)",2.56857880799273
Grotta,place_of_worship,"(45.7975125, 9.1094709)",2.556151477754275
Bar Mario,bar,"(45.7979693, 9.1073379)",2.395439899947298
C'era una volta,fast_food,"(45.7979183, 9.1074476)",2.405619713383974
Crédit Agricole,bank,"(45.7952808, 9.1068534)",2.570603868360463
Osteria del Buongustaio,restaurant,"(45.8107039, 9.0802939)",0.28939879208533753
Doppio Malto,restaurant,"(45.8093305, 9.0840011)",0.27357837164389714
Locanda dei Giurati,restaurant,"(45.80539, 9.0881533)",0.7908553743909251
Banca Popolare di Sondrio,bank,"(45.8103926, 9.0848514)",0.17913076533046213
Il Farcito,restaurant,"(45.8075155, 9.08444)",0.4778279593930175
Gelateria Cavour,ice_cream,"(45.8131908, 9.0816612)",0.22186101175208836
Why Not?,restaurant,"(45.8133291, 9.08153)",0.23996293123373616
Marghe…rita,cafe,"(45.8118886, 9.0876)",0.3046703109062482
Cassetta postale Como 82,post_box,"(45.8319388, 9.0357462)",4.347058101970594
La dolce vita,bar,"(45.831944, 9.0360071)",4.32999486715043
Caffeteria 800,cafe,"(45.8100279, 9.0806747)",0.30443956404128697
Bar Nuovo,cafe,"(45.8345831, 9.0661894)",2.8758993435867337
Superpizza,restaurant,"(45.8316525, 9.0366314)",4.2717231474978785
Il Sale,restaurant,"(45.7988977, 9.1069962)",2.3097420121964034
Non Solo Pizza,fast_food,"(45.8253829, 9.0505033)",2.9890699151029225
The Brothers Cafè,cafe,"(45.8112947, 9.0794142)",0.3361962222573904
L'Ulivo,ice_cream,"(45.812656, 9.0757567)",0.6236971454596634
Gelateria,fast_food,"(45.813837, 9.0754715)",0.6778886363614861
Caffé de Corso,cafe,"(45.8050519, 9.0856037)",0.762767042054665
Cafè Como,cafe,"(45.804914, 9.0908283)",0.9440105948141561
Ristorante Comi 107,restaurant,"(45.8115046, 9.0701478)",1.0524959264692917
Toast & Roll,restaurant,"(45.8040397, 9.0850849)",0.8673900842278701
La Vecchia Trattoria,restaurant,"(45.7980225, 9.0913397)",1.6410511159873504
Rovelli Ristorante & Bistrot,restaurant,"(45.8085797, 9.0845776)",0.3626363047834898
Hostaria al Camino,restaurant,"(45.8149527, 9.0669318)",1.3488281208858093
Run and Bike Café,cafe,"(45.8148971, 9.0670541)",1.33804320724614
L'ideale,bar,"(45.8136466, 9.0686154)",1.1893284679741487
magrif,restaurant,"(45.8134453, 9.0687606)",1.1744899465681584
Bar Privativa,cafe,"(45.8121532, 9.0701439)",1.0531509804926464
Pizza Goal,fast_food,"(45.8126825, 9.071646)",0.9409266621299668
La Svolta Piadineria,fast_food,"(45.8116749, 9.0791837)",0.3499242428807666
All i Oli,restaurant,"(45.8114157, 9.0709424)",0.9911204947120276
L'Antica,restaurant,"(45.8033342, 9.0854353)",0.9487604449611232
Il Vicolino del Paninaio,restaurant,"(45.8105126, 9.0832127)",0.14573425471927118
Osteria dal Pain,restaurant,"(45.8149221, 9.0845605)",0.3556321841293571
WEWAKECOMO Wakeboard Wakesurf Boat Tour,boat_rental,"(45.815459, 9.0828934)",0.4132921169766023
Mosto & Carnazza,restaurant,"(45.8077649, 9.0774271)",0.6601502057526287
WEWAKECOMO Wakeboard and Boat Tour Lake Como,boat_rental,"(45.8154075, 9.082783)",0.4090124340658107
Studio ortopedico Morini,doctors,"(45.8045185, 9.0886383)",0.8944773703975356
Studio Ortopedico Morini,doctors,"(45.8050066, 9.0887244)",0.8489039494842243
Biblioteca di Scienze,library,"(45.8019175, 9.0953842)",1.4245587800080466
Ciàpa Fiaa,restaurant,"(45.8106468, 9.089014)",0.433127310619305
Caffé & Bollicine,cafe,"(45.8089174, 9.0787501)",0.49838130836413913
Caffè Milani,cafe,"(45.8103907, 9.0829064)",0.16599009230966935
Vago Fabio,cafe,"(45.8011392, 9.0885063)",1.2408954740560345
Bar Funicolare,cafe,"(45.8176444, 9.0828537)",0.6547919490016376
Bar Kaos,bar,"(45.810293, 9.0772206)",0.5288674282046936
Martinez,restaurant,"(45.8120258, 9.0794438)",0.3306187482020153
Bellinzona Pizza Kebab,fast_food,"(45.8241877, 9.052189)",2.809306545732277
Caffè 900,cafe,"(45.8255087, 9.0502771)",3.0113060515700294
Da Pietro,restaurant,"(45.8120396, 9.0824643)",0.0989728652913871
Synlab Centro Diagnostico,clinic,"(45.804805, 9.0800085)",0.8263902004906573
Piattaforma ecologica COMO,waste_transfer_station,"(45.7795825, 9.0711894)",3.708349368311523
Venus,nightclub,"(45.802781, 9.0821605)",1.007397641562024
La Coccinella,childcare,"(45.823127, 9.05526)",2.5435581523107347
La Piadineria,restaurant,"(45.811197, 9.0787932)",0.3855943353691472
Fontanello,drinking_water,"(45.8049548, 9.0987842)",1.3977186665773158
Pizzeria Kebab,restaurant,"(45.7899961, 9.0836415)",2.421430385022291
E bike,bicycle_rental,"(45.8089645, 9.0877298)",0.4438350352068333
Bistrot,cafe,"(45.8088472, 9.0878344)",0.4588088634376291
Sapori del Sud,restaurant,"(45.8097927, 9.0870385)",0.34190188007016215
Nenne' Trattoria,restaurant,"(45.8171945, 9.0832619)",0.6024956546844169
Guilietta al Lago,restaurant,"(45.8235169, 9.0773753)",1.3934102166497355
Beretta il Fornaio,cafe,"(45.7805598, 9.0781344)",3.496957519066634
Pomodoro rosso,restaurant,"(45.8098331, 9.0821096)",0.24874341938304706
Rive,restaurant,"(45.8093198, 9.0813702)",0.32742077242328554
Vertigo,ice_cream,"(45.8112233, 9.0841805)",0.07313177585637042
Basilica di San Fedele,place_of_worship,"(45.809693574648605, 9.084585549641016)",0.2424715874089248
Joy,restaurant,"(45.82056359517265, 9.066706237220252)",1.6412278895656616
Parcheggio Via Castelnuovo,parking,"(45.80201185967105, 9.09285208040394)",1.2989113694952104
ITIS Magistri Cumacini,college,"(45.78691890565366, 9.055665878398392)",3.5186581379915887
Istituto Paritario Orsoline San Carlo,school,"(45.82448784434048, 9.051177992444453)",2.894147136376839
Chiesa di San Zenone,place_of_worship,"(45.824528153047524, 9.049686595682482)",2.9979652103234438
Istituto Paritario Liceo Artistico Michelangelo,school,"(45.82755297840424, 9.048730234184477)",3.232849548457864
Monte Olimpino,post_office,"(45.82536056507748, 9.049967657838158)",3.0238154131315933
Polizia,police,"(45.80411105, 9.0833777)",0.8529194122967028
Carige,bank,"(45.812371244018266, 9.082544431386129)",0.1101146835052051
Arena,parking,"(45.81094390078539, 9.085367006945638)",0.16063469483415752
Teatro Sociale,theatre,"(45.81153135627813, 9.084902664113915)",0.09879159002098183
Istituto Dante Alighieri,school,"(45.80658512250661, 9.080442276240655)",0.6301449633470364
Parcheggio Birrificio,parking,"(45.78916495154996, 9.082534605956452)",2.5153933003248867
Il Birrificio di Como,restaurant,"(45.78948685412882, 9.082710729571607)",2.4791823199466183
Istituto Paritario Orsoline San Carlo,school,"(45.810148926592255, 9.077990697731222)",0.47823275704011814
Liceo Statale Teresa Ciceri,school,"(45.80739542424669, 9.08617663224293)",0.5246506975508735
Liceo Classico e Scientifico Alessandro Volta,school,"(45.80707165555053, 9.085521372770563)",0.5426729197299387
Deutsche Bank,bank,"(45.81156023344603, 9.076376970318998)",0.5684115800333248
Credito Valtellinese,bank,"(45.81141705000001, 9.0759084)",0.6056570452823871
Università dell' Insubria,university,"(45.812048156049265, 9.076056046872537)",0.5935576746116206
Chiesa di San Giorgio,place_of_worship,"(45.81382036207796, 9.069413828918735)",1.131978005584703
Autosilo Valmulini,parking,"(45.791353408138015, 9.092323448332731)",2.367836371227006
Ilgap,cafe,"(45.805631557497875, 9.089421872225426)",0.8162544429496064
Banca Popolare di Sondrio,bank,"(45.80510057317283, 9.087687610730969)",0.8052024467512818
Biblioteca comunale,library,"(45.808271795591374, 9.081521983617883)",0.42476047796212735
Comando Provinciale Carabinieri,police,"(45.79871668992561, 9.094603139135108)",1.6820609378701188
Politecnico di Milano - Polo Territoriale di Como,university,"(45.80119787660066, 9.09273017124905)",1.3705597306181707
Chiesa di San Bartolomeo,place_of_worship,"(45.802570278767504, 9.086889746048303)",1.0537456809197148
Santa Cecilia,place_of_worship,"(45.80718690632757, 9.085144028716272)",0.523186426932374
Chiesa di Sant'Agostino,place_of_worship,"(45.81582631894774, 9.085017711883264)",0.461346912290171
Vecchio Ospedale Sant'Anna,hospital,"(45.79130594420902, 9.089377537858907)",2.3184964796900918
Bar e Fotocopisteria Motorizzazione,bar,"(45.779116800000004, 9.07897035)",3.649073690741113
Stazione di Grandate,parking,"(45.782057377873784, 9.05485781163206)",3.992168524644393
Deposito Autobus,parking,"(45.781852474155606, 9.052881192832096)",4.098882456255577
Chiesa di Santa Maria Regina,place_of_worship,"(45.78781606714144, 9.092012352733738)",2.74130774888346
Asilo Sant'Elia,kindergarten,"(45.798555796196425, 9.088640544364296)",1.519712020699361
Spazio culturale Antonio Ratti,exhibition_centre,"(45.806807649999996, 9.087118999999998)",0.6139930342010685
Mercato Comunale,marketplace,"(45.8067440769666, 9.087943805274232)",0.6505418341754473
Santi Apostoli Pietro e Paolo,place_of_worship,"(45.802131498910406, 9.100714871074661)",1.7038904805807409
Cinema Gloria,cinema,"(45.79143744524506, 9.077507073645256)",2.3116373348210786
RSA Le Camelie,social_facility,"(45.82239184355355, 9.06515543419373)",1.8612159148650305
Espansione TV,studio,"(45.80375460837332, 9.080766346534695)",0.9205635139938335
Cube Como,bar,"(45.81295498247337, 9.074556529680468)",0.7212484563469328
IP,fuel,"(45.80899084885552, 9.075779533010834)",0.6882077902357691
Chiesa di San Giacomo,place_of_worship,"(45.81229586891674, 9.083393277719725)",0.06141570545538513
Casa Alloggio La sorgente,nursing_home,"(45.80591107306668, 9.080500640550046)",0.697837972360013
Chiesa di San Donnino,place_of_worship,"(45.807646900543816, 9.083697636178156)",0.4595892245175759
Yama-Sushi,restaurant,"(45.810512700000004, 9.0871926)",0.3070921776422424
Chiesa di San Giuliano,place_of_worship,"(45.81257555158062, 9.089331055619938)",0.4477602925866424
Chiesa del Santo Spirito,place_of_worship,"(45.80840201770168, 9.099430698148167)",1.280372361081567
Santuario del Sacro Cuore,place_of_worship,"(45.80921817713241, 9.091579539683378)",0.6766839109990699
Chiesa parrocchiale della Beata Vergine Immacolata,place_of_worship,"(45.831268726218866, 9.037670402406867)",4.180569550460214
Hotel Ristorante Valtellina,restaurant,"(45.83042575000001, 9.038039)",4.108068557272433
Chiesa di San Francesco in Ravanera,place_of_worship,"(45.801245756393214, 9.132329173263516)",3.9585760961245033
ARCA,social_facility,"(45.80326639999999, 9.102093700000001)",1.7157481818392954
Hospice,hospital,"(45.80233481991932, 9.102300063010762)",1.7879364879773387
Chiesa di Sant'Antonino,place_of_worship,"(45.78200984432139, 9.097996552722597)",3.491181538862451
Bar Accadamia - Sala Biliardi,bar,"(45.77965280000001, 9.09233035)",3.6337902444672037
Chiesa di Santa Brigida,place_of_worship,"(45.7912383597016, 9.086322079756945)",2.292551922604706
Parcheggio via Castelnuovo,parking,"(45.80416767772755, 9.098094812258914)",1.4039699387367124
Parcheggio Ippocastano,parking,"(45.802689453114084, 9.091703276095783)",1.1874155379117326
CineTeatro Nuovo,theatre,"(45.789953951206684, 9.075580779483404)",2.506546974125364
Chiesa di San Martino,place_of_worship,"(45.78973055534942, 9.076004821381831)",2.522584720191617
"Trattoria Bar ""Fortino""",restaurant,"(45.83282655, 9.06790955)",2.640797088224814
Cristo Re,place_of_worship,"(45.833222650940016, 9.066729293911026)",2.723042633729966
Poste di Prestino,post_office,"(45.8011406, 9.060739349999999)",2.1400285552781755
Chiesa dei Santi Felice e Francesco d'Assisi,place_of_worship,"(45.798850055763296, 9.059755783105821)",2.350631013413008
Cafearium,cafe,"(45.80300475431857, 9.080182413138147)",1.012791989654665
Autosilo Valduce,parking,"(45.81063789271493, 9.086770255151562)",0.27155466970799824
Duomo di Como,place_of_worship,"(45.81178183320625, 9.083683148070666)",0.0
Parcheggio FS,parking,"(45.80706397733585, 9.075792999241228)",0.8069074384255104
Dogana commerciale di Brogeda,customs,"(45.83544740200545, 9.03683012997925)",4.491666893665513
Parcheggio dipedenti Ospedale Valduce,parking,"(45.80980484083382, 9.088743237665488)",0.4505260351583733
"Como, Piazzale Camerlata",bus_station,"(45.790569413012804, 9.084903626558397)",2.3596144181972543
Chiesetta di Bignanico,place_of_worship,"(45.82265719264747, 9.065225919859113)",1.8758463738425841
"Hospice: ""Villa Celesia""",social_facility,"(45.82302828919627, 9.066068597464529)",1.8538080245830844
Chiesetta di San Nicola,place_of_worship,"(45.81177374243385, 9.119594750720395)",2.7912488110113
Ex Convento Canossiane,place_of_worship,"(45.82161218831501, 9.064685948804826)",1.8367607590534256
Crotto Civiglio,restaurant,"(45.813311299999995, 9.11279255)",2.268890291167655
Chiesa dei Santi Simone e Giuda,place_of_worship,"(45.797615840419304, 9.109424106199198)",2.5461796281165223
Punto Grill,restaurant,"(45.84116210845228, 9.038387930542902)",4.80124266110783
Chiesa di Sant'Agata,place_of_worship,"(45.8071629036462, 9.095078067419353)",1.0237427271057127
Chiesa Parrocchiale di Sant'Antonio di Padova,place_of_worship,"(45.77946287283788, 9.081550825583049)",3.595989556081358
Chiesa di San Cassiano,place_of_worship,"(45.7933555408566, 9.064085242346804)",2.5525534101883305
Santuario di Santa Rita,place_of_worship,"(45.82512489557958, 9.111053265413412)",2.5930694363156843
Caffè Maya,bar,"(45.81449755, 9.0748525)",0.7497915009170258
Farmacia della salute,pharmacy,"(45.83287238212375, 9.066274370111042)",2.7065356124886844
Antico Mognano,restaurant,"(45.83377740040797, 9.049538270309723)",3.6079658361572418
Scuola Primaria Como Sagnino,school,"(45.834547040036696, 9.049466458184874)",3.6704976174168484
Scuola dell'infanzia Mauri,kindergarten,"(45.835186813241876, 9.067215630971555)",2.8991257280638316
Chiesa di San Giuseppe,place_of_worship,"(45.79892905892451, 9.095339876065749)",1.6916965363189809
Basilica di Sant'Abbondio,place_of_worship,"(45.802435093106865, 9.08054988527881)",1.067035224715857
Basilica di San Carpoforo,place_of_worship,"(45.794028150136214, 9.090376955677943)",2.040734873427382
"Centro Pastorale ""Cardinal Ferrari""",social_facility,"(45.80716383759555, 9.08855113681498)",0.6376745891570879
Novosilo Via Sirtori,parking,"(45.806324359963185, 9.089427669637823)",0.7532088021624471
Ospedale Valduce,hospital,"(45.810545721901086, 9.088169481154004)",0.3747965580403626
Chiesa di San Salvatore,place_of_worship,"(45.816793593608864, 9.065670471351684)",1.5067347914018994
Ceccato,cafe,"(45.8143132060281, 9.08250671650312)",0.2958411238971516
Astra,cinema,"(45.80234217263691, 9.086949991388234)",1.0794884147831398
Santuario del Santissimo Crocifisso,place_of_worship,"(45.80628174363784, 9.080802017684588)",0.6510507645473806
Associazione Scuola Montessori,school,"(45.82171634358948, 9.062863130623333)",1.9589567751427253
Associazione Scuola Montessori,school,"(45.83498198197057, 9.064784972406521)",2.967508408260843
Chiesa dei Santi Filippo e Giacomo,place_of_worship,"(45.83650515196521, 9.042304093697796)",4.229730772622305
Asilo Nido Panda Sagnino,kindergarten,"(45.83478376588423, 9.043532999165572)",4.033731688766662
Scuola secondaria di primo grado Don Lorenzo Milani,school,"(45.83675210869996, 9.04077251384886)",4.338403118250903
Lario,car_wash,"(45.835735779887905, 9.067920399701709)",2.9306873101964293
Chiesa di Sant'Orsola,place_of_worship,"(45.80786457119081, 9.088824370555715)",0.590984722651778
Monastero della Visitazione,place_of_worship,"(45.805621233445976, 9.096372370764412)",1.2007130594802613
Baita Bondella,restaurant,"(45.83528836334215, 9.127521811834919)",4.293201925955477
Università degli Studi dell'Insubria - Dipartimento di Chimica,university,"(45.80197728268718, 9.094666455511264)",1.3843634251107517
Chiesa di San Giuseppe,place_of_worship,"(45.800218270146395, 9.096523838959541)",1.627330954442396
Comando Provinciale VV.F. di Como,fire_station,"(45.80097676059592, 9.096027743103484)",1.537237036847618
Carabinieri,police,"(45.780868649999995, 9.100697599999997)",3.6817650309898893
Collegio Santa Chiara,school,"(45.78191028091696, 9.09316363640732)",3.4009751142054943
Istituto Comprensivo Como Lago,school,"(45.81385499421258, 9.088507376403784)",0.4401030308311241
"Scuola Primaria E. Bossi, Breccia",school,"(45.793578697473926, 9.059545050025282)",2.759445892427305
Asilo A. Volta,kindergarten,"(45.79345337729553, 9.064904499541413)",2.506212340241124
"Scuola Primaria ""Nazario Sauro""",school,"(45.80976148357007, 9.08632019273396)",0.30403672562665457
Università degli Studi dell'Insubria - Valleggio Anello,university,"(45.801656109545355, 9.095353414974202)",1.4455363067373712
Università degli Studi dell'Insubria,university,"(45.8019932462944, 9.095388364133322)",1.4182966059857414
Università degli Studi dell'Insubria - Uffici,university,"(45.80240216067973, 9.095044153252717)",1.3662923179784334
Università degli Studi dell'Insubria - Valleggio Piazza,university,"(45.802423575836826, 9.095666833018972)",1.3962912240173966
"Politecnico di Milano, Università dell'Insubria - Como",university,"(45.802241747114735, 9.095126592817333)",1.3840555930692864
Chiesa di Santa Cecilia,place_of_worship,"(45.8041114867095, 9.116494690477507)",2.6891858484436773
Autosilo Via Auguadri,parking,"(45.805816657777505, 9.087390089186458)",0.7229197422129872
Baita Monte Croce,restaurant,"(45.80360163028015, 9.0677338995831)",1.5374178149216606
ISIS Paolo Carcano,school,"(45.80333437306014, 9.095722683893158)",1.3256605677349518
Castelnuovo - A,university,"(45.802691107835784, 9.094807005279124)",1.3298873303210776
Chiesa di San Pietro,place_of_worship,"(45.77504524407846, 9.103609801395411)",4.367228226033219
Al Molo,cafe,"(45.81500472185013, 9.083025220830748)",0.36184807681911757
Crotto del Sergente,restaurant,"(45.80043193537414, 9.109963086529444)",2.400951555471876
Chiesa di San Rocco,place_of_worship,"(45.797796450811475, 9.086976020020096)",1.57537506877605
Biblioteca comunale Paolo Borsellino,library,"(45.80841303036734, 9.081212566617817)",0.42080612663004846
Lario's Bistrot,bar,"(45.787230244958586, 9.061041522047887)",3.247301524365255
Chiesa parrocchiale di San Paolo Apostolo,place_of_worship,"(45.83629226829305, 9.044527233409175)",4.084118600074171
Istituto Comprensivo Prestino Breccia,school,"(45.79517015409288, 9.060780175891423)",2.5649279358345245
Centro di Formazione Professionale ENAIP Como,school,"(45.806899586276714, 9.091841412646003)",0.8346220083047287
Imat Felco s.p.a.,parking,"(45.77701916160667, 9.072445784051087)",3.9613291324711035
Scuola Secondaria di Primo Grado Massina,school,"(45.825100686182324, 9.053521437313245)",2.7723753221159178
LKW/Truck/Bus Parking,parking,"(45.8412014385169, 9.038975063302741)",4.770892637302333
Burgell,lavoir,"(45.82271233448318, 9.064664933412356)",1.9132783014606922
San Pietro ad Vincula,place_of_worship,"(45.82165643804709, 9.064613982766414)",1.8441819766902185
Chiesetta dell'Immacolata,place_of_worship,"(45.82679234723273, 9.059548563307603)",2.510272069582986
Wiener Haus,restaurant,"(45.78362236085256, 9.069398777211772)",3.321034112572938
Cappelletta,place_of_worship,"(45.81989593174454, 9.113436803948284)",2.48209322969404
Parcheggio Crotto Civiglio,parking,"(45.81352407943904, 9.112670158847097)",2.2613024676109683
Madonnetta,place_of_worship,"(45.81926525000001, 9.081716300000002)",0.845694918734452
Chiesa della Beata Vergine di Loreto,place_of_worship,"(45.809947206540016, 9.07670359995025)",0.5795560110036062
La Breva 29,bar,"(45.79556637617373, 9.108187484973243)",2.6223869566629205
Istituto Comprensivo Como Lora Lipomo - Scuola dell'infanzia,kindergarten,"(45.79740121606013, 9.107766157679839)",2.461618362492661
Sala Polifunzionale Oratorio Lora,theatre,"(45.79797609820298, 9.108879137985996)",2.488126784289881
Parcheggio Crotto del Lupo,parking,"(45.826546233434925, 9.057489551857069)",2.614731344937188
Trattoria alla Costa,restaurant,"(45.77565362213772, 9.099716908751123)",4.204612119167961
Banca d'Italia,bank,"(45.811794705735416, 9.080818972485243)",0.22262414837128358
Pontificio Collegio Gallio,school,"(45.80967760873634, 9.076129315268163)",0.6320041093357877
Casa circondariale di Como,prison,"(45.77011399518478, 9.082051131799295)",4.633003103750568
Università dell'Insubria - Sant'Abbondio,university,"(45.80278075118668, 9.080392897171931)",1.0326220910730386
IPSSCTS Gaetano Pessina,school,"(45.74711892844694, 9.011915638671452)",9.099790761114319
Istituto Comprensivo Como Borgovico,school,"(45.8259646343772, 9.06635737467611)",2.0731654162175985
Palazzo di Giustizia,courthouse,"(45.80646971634849, 9.086761605807602)",0.6370747541560939
Istituto Comprensivo Como Albate,school,"(45.78048151470934, 9.095915713758473)",3.6066003715796198
Istituto Comprensivo Como Centro Città,school,"(45.805815766874794, 9.089651216492456)",0.8092709938298366
Istituto Comprensivo Como Rebbio,school,"(45.78878096445123, 9.074583860096544)",2.652551733973052
Istituto Comprensivo Como Borghi - Severino Gobbi,school,"(45.795483016544125, 9.093720776208198)",1.9724738380051476
Istituto Comprensivo Como Lora Lipomo,school,"(45.795965319087465, 9.105444161281318)",2.4396805640911645
